Scenario,Scenario_Name,MCMC_Runtime_Mean,MCMC_Runtime_SD,ADVI_Runtime_Mean,ADVI_Runtime_SD,Speedup,MCMC_MAE,ADVI_MAE,MCMC_Coverage,ADVI_Coverage
A,Constant,65.28971848487853,1.3273115703617122,14.359603881835938,0.4914330083968062,4.546763199190071,0.01141736153311266,0.03548484556150239,1.0,1.0
B,Exponential Growth,56.60150556564331,2.028944340375914,15.342783355712891,0.9438384815428588,3.6891289053213225,0.02362777804710982,0.03741782737407367,1.0,1.0
C,Delayed Growth,66.65278968811035,1.387529393994848,15.155041885375976,0.5592675634754329,4.398060407370282,0.014496621396477907,0.027073405856948684,1.0,1.0
D,Decay,109.15733132362365,23.508216144282777,29.104569244384766,0.24400787845035984,3.7505221399105126,0.01593284999568171,0.02483828975193471,1.0,1.0
E,Peak,80.51171789169311,24.14187049108766,14.342510843276978,0.23746452500012297,5.613502319883747,0.024042251882868376,0.03265400731828318,1.0,1.0
F,Valley,45.99583649635315,2.881272738925073,13.849373769760131,0.1153810504160799,3.3211491913651914,0.024547496026949674,0.03233695629892824,1.0,1.0
